{
  "return_code":0,
  "return_message":"",
  "result":{
    "products_count":15,
    "product":[
      {
        "id":"69",
        "name":"Redmi Note 7S (Sapphire Blue, 64 GB)",
        "rating":4.4,
        "price":11999.00,
        "brand":"MI",
        "ram":"4GB",
        "os":"android",
        "deliveryDate": 0,
        "shortDescription":"Shoot amazing pictures like a pro with the Redmi Note 7S which features a 48 MP + 5 MP dual rear camera setup.",
        "description":"Shoot amazing pictures like a pro with the Redmi Note 7S which features a 48 MP + 5 MP dual rear camera setup.",
		"image":"https://rukminim1.flixcart.com/image/312/312/jyxaw7k0/mobile/4/k/h/mi-redmi-note-7s-mzb7745in-original-imafe48ru3s66sjd.jpeg"
      },
      {
        "id":"68",
        "name":"Realme C2 (Diamond Blue, 32 GB)",
        "rating":4.4,
        "price":11999.00,
        "brand":"Realme",
        "ram":"2GB",
        "os":"android",
        "deliveryDate": 2,
        "shortDescription":"Shoot amazing pictures like a pro with the Redmi Note 7S which features a 48 MP + 5 MP dual rear camera setup.",
        "description":"Shoot amazing pictures like a pro with the Redmi Note 7S which features a 48 MP + 5 MP dual rear camera setup.",
		"image": "https://rukminim1.flixcart.com/image/416/416/k0lbdzk0pkrrdj/mobile-refurbished/z/j/2/c2-16-u-rmx1945-realme-2-original-imaffnumygt8wgfx.jpeg"
      },
      {
        "id":"67",
        "name":"Apple iPhone 7 (Gold, 32 GB)",
        "rating":4.4,
        "price":26999.00,
        "brand":"Apple",
        "ram":"NA",
        "os":"iOS",
        "deliveryDate": 6,
        "shortDescription":"Shoot amazing pictures like a pro with the Redmi Note 7S which features a 48 MP + 5 MP dual rear camera setup.",
        "description":"Shoot amazing pictures like a pro with the Redmi Note 7S which features a 48 MP + 5 MP dual rear camera setup.",
		"image": "https://rukminim1.flixcart.com/image/416/416/k12go7k0/mobile/e/q/m/apple-iphone-7-mn942hn-a-original-imafkqe8mqaafe4g.jpeg"
      },
	  {
        "id":"66",
        "name":"Asus ZenFone Max M2 (Black, 32 GB)",
        "rating":4.3,
        "price":7999.00,
        "brand":"Asus",
        "ram":"NA",
        "os":"android",
        "deliveryDate": 3,
        "shortDescription":"Shoot amazing pictures like a pro with the Redmi Note 7S which features a 48 MP + 5 MP dual rear camera setup.",
        "description":"Shoot amazing pictures like a pro with the Redmi Note 7S which features a 48 MP + 5 MP dual rear camera setup.",
		"image": "https://rukminim1.flixcart.com/image/312/312/jp02t8w0/mobile/z/z/e/asus-zenfone-max-m2-zb632kl-4a004in-original-imafbcafmv6tgqjz.jpeg"
      },
	  {
        "id":"65",
        "name":"Samsung Galaxy A20s (Blue, 32 GB)",
        "rating":4.7,
        "price":11999.00,
        "brand":"Samsung",
        "ram":"3BG",
        "os":"android",
        "deliveryDate": 5,
        "shortDescription":"Shoot amazing pictures like a pro with the Redmi Note 7S which features a 48 MP + 5 MP dual rear camera setup.",
        "description":"Shoot amazing pictures like a pro with the Redmi Note 7S which features a 48 MP + 5 MP dual rear camera setup.",
		"image": "https://rukminim1.flixcart.com/image/312/312/k1b1bbk0/mobile/f/t/w/samsung-galaxy-a20s-sm-a207fzbdins-original-imafkx2dygmrbhah.jpeg"
      },
	  {
        "id":"64",
        "name":"Samsung Galaxy S9 (Coral Blue, 64 GB)",
        "rating":4.5,
        "price":29999.00,
        "brand":"Samsung",
        "ram":"4GB",
        "os":"android",
        "deliveryDate": 8,
        "shortDescription":"Shoot amazing pictures like a pro with the Redmi Note 7S which features a 48 MP + 5 MP dual rear camera setup.",
        "description":"Shoot amazing pictures like a pro with the Redmi Note 7S which features a 48 MP + 5 MP dual rear camera setup.",
		"image": "https://rukminim1.flixcart.com/image/312/312/jeiukcw0/mobile/q/g/h/samsung-galaxy-s9-plus-sm-g965fzbdins-original-imaf372gzm4hg4eh.jpeg"
      },
		{
		"id":"63",
		"name":"LG G Pro 2 (Titan, 16 GB)",
		"rating":4.6,
		"price":42021.00,
		"brand":"Samsung",
		"ram":"3GB",
		"os":"android",
		"deliveryDate": 10,
		"shortDescription":"Shoot amazing pictures like a pro with the Redmi Note 7S which features a 48 MP + 5 MP dual rear camera setup.",
		"description":"Shoot amazing pictures like a pro with the Redmi Note 7S which features a 48 MP + 5 MP dual rear camera setup.",
		"image": "https://rukminim1.flixcart.com/image/312/312/jeiukcw0/mobile/q/g/h/samsung-galaxy-s9-plus-sm-g965fzbdins-original-imaf372gzm4hg4eh.jpeg"
	  },
	  {
        "id":"62",
        "name":"Nokia 9 (Blue, 128 GB)",
        "rating":3.8,
        "price":49999.00,
        "brand":"Samsung",
        "ram":"6GB",
        "os":"android",
        "deliveryDate": 10,
        "shortDescription":"Shoot amazing pictures like a pro with the Redmi Note 7S which features a 48 MP + 5 MP dual rear camera setup.",
        "description":"Shoot amazing pictures like a pro with the Redmi Note 7S which features a 48 MP + 5 MP dual rear camera setup.",
		"image": "https://rukminim1.flixcart.com/image/312/312/jxw5g280/mobile/p/s/f/nokia-9-ta-1087-ds-original-imafg98nken2dhmh.jpeg"
      },
		{
        "id":"61",
        "name":"Nokia 7.2 (Charcoal, 64 GB)",
        "rating":3.8,
        "price":18149.00,
        "brand":"Samsung",
        "ram":"6GB",
        "os":"android",
        "deliveryDate": 5,
        "shortDescription":"Shoot amazing pictures like a pro with the Redmi Note 7S which features a 48 MP + 5 MP dual rear camera setup.",
        "description":"Shoot amazing pictures like a pro with the Redmi Note 7S which features a 48 MP + 5 MP dual rear camera setup.",
		"image": "https://rukminim1.flixcart.com/image/312/312/k0tw13k0/mobile/9/z/k/nokia-7-2-ta-1193-ds-original-imafkjaymtaavg9e.jpeg?q=70"
      }

    ]
  }
}